date.month,date.year,date.day,name,links.download.url,links.notes.url,sdks.tvOS[1].number,sdks.tvOS[1].build,sdks.tvOS[1].release.gm,sdks.iOS[1].number,sdks.iOS[1].build,sdks.iOS[1].release.gm,sdks.macOS[1].number,sdks.macOS[1].build,sdks.macOS[1].release.gm,sdks.watchOS[1].number,sdks.watchOS[1].build,sdks.watchOS[1].release.gm,compilers.clang[1].number,compilers.clang[1].build,compilers.clang[1].release.gm,compilers.swift[1].number,compilers.swift[1].build,compilers.swift[1].release.gm,version.number,version.build,version.release.gm,requires,version.release.beta,version.release.gmSeed,compilers.llvm[1].build,compilers.llvm[1].release.gm,sdks.macOS[2].build,sdks.macOS[2].release.gm,version.release.dp,compilers.llvm_gcc[1].number,compilers.llvm_gcc[1].build,compilers.llvm_gcc[1].release.gm,compilers.gcc[1].number,compilers.gcc[1].build,compilers.gcc[1].release.gm,compilers.gcc[2].number,compilers.gcc[2].build,compilers.gcc[2].release.gm,sdks.iOS[2].build,sdks.iOS[2].release.gm,sdks.macOS[3].build,sdks.macOS[3].release.gm,sdks.macOS[2].number,sdks.macOS[3].number
4,2019,27,Xcode,https://download.developer.apple.com/Developer_Tools/Xcode_10.2.2/Xcode_10.2.2.xip,https://developer.apple.com/documentation/xcode_release_notes/xcode_10_2_2_release_notes/,12.2,16L225,TRUE,12.2,1.60E+227,TRUE,10.14.4,1.80E+220,TRUE,5.2,16T224,TRUE,10.0.1,1001.0.46.4,TRUE,5.0.1,1001.0.82.4,TRUE,10.2.2,10E1001,,10.14.4,,,,,,,,,,,,,,,,,,,,,,
4,2019,17,Xcode,https://download.developer.apple.com/Developer_Tools/Xcode_10.2.1/Xcode_10.2.1.xip,https://developer.apple.com/documentation/xcode_release_notes/xcode_10_2_1_release_notes/,12.2,16L225,TRUE,12.2,1.60E+227,TRUE,10.14.4,1.80E+220,TRUE,5.2,16T224,TRUE,10.0.1,1001.0.46.4,TRUE,5.0.1,1001.0.82.4,TRUE,10.2.1,10E1001,TRUE,10.14.3,,,,,,,,,,,,,,,,,,,,,,
3,2019,25,Xcode,https://download.developer.apple.com/Developer_Tools/Xcode_10.2/Xcode_10.2.xip,https://developer.apple.com/documentation/xcode_release_notes/xcode_10_2_release_notes,12.2,16L225,TRUE,12.2,1.60E+227,TRUE,10.14.4,1.80E+220,TRUE,5.2,16T224,TRUE,10.0.1,1001.0.46.3,TRUE,5,1001.0.69.5,TRUE,10.2,1.00E+126,TRUE,10.14.3,,,,,,,,,,,,,,,,,,,,,,
3,2019,4,Xcode,https://download.developer.apple.com/Developer_Tools/Xcode_10.2_beta_4/Xcode_10.2_beta_4.xip,https://developer.apple.com/documentation/xcode_release_notes/xcode_10_2_beta_4_release_notes,12.2,16L5212d,TRUE,12.2,16E5212e,TRUE,10.14.4,18E205d,TRUE,5.2,16T5212d,TRUE,10.0.1,1001.0.46.2,TRUE,5,1001.0.69,TRUE,10.2,10P107d,,10.14.3,4,,,,,,,,,,,,,,,,,,,,,
2,2019,19,Xcode,https://download.developer.apple.com/Developer_Tools/Xcode_10.2_Beta_3/Xcode_10.2_Beta_3.xip,https://developer.apple.com/documentation/xcode_release_notes/xcode_10_2_beta_3_release_notes,12.2,16L5201d,TRUE,12.2,16E5201d,TRUE,10.14.4,18E194d,TRUE,5.2,16T5201c,TRUE,10.0.1,1001.0.43.3,TRUE,5,1001.0.63.8,TRUE,10.2,10P99q,,10.14,3,,,,,,,,,,,,,,,,,,,,,
2,2019,4,Xcode,https://download.developer.apple.com/Developer_Tools/Xcode_10.2_Beta_2/Xcode_10.2_Beta_2.xip,https://developer.apple.com/documentation/xcode_release_notes/xcode_10_2_beta_2_release_notes,12.2,16L5191d,TRUE,12.2,16E5191d,TRUE,10.14.4,18E184e,TRUE,5.2,16T5191d,TRUE,10.0.1,1001.0.37.9,TRUE,5,1001.0.60.3,TRUE,10.2,10P91b,,10.14,2,,,,,,,,,,,,,,,,,,,,,
1,2019,24,Xcode,https://download.developer.apple.com/Developer_Tools/Xcode_10.2_beta/Xcode_10.2_beta.xip,https://developer.apple.com/documentation/xcode_release_notes/xcode_10_2_beta_release_notes,12.2,16L5181e,TRUE,12.2,16E5181e,TRUE,10.14.4,18E174e,TRUE,5.2,16T5181e,TRUE,10.0.1,1001.0.37.7,TRUE,5,1001.0.45.7,TRUE,10.2,10P82s,,10.14,1,,,,,,,,,,,,,,,,,,,,,
10,2018,30,Xcode,https://download.developer.apple.com/Developer_Tools/Xcode_10.1/Xcode_10.1.xip,https://developer.apple.com/documentation/xcode_release_notes/xcode_10_1_release_notes,12.1,16J602,TRUE,12.1,16B91,TRUE,10.14.1,18B71,TRUE,5.1,16R591,TRUE,10.0.0,1000.11.45.5,TRUE,4.2.1,1000.11.42,TRUE,10.1,10B61,TRUE,10.13.6,,,,,,,,,,,,,,,,,,,,,,
10,2018,15,Xcode,https://download.developer.apple.com/Developer_Tools/Xcode_10.1_Beta_3/Xcode_10.1_Beta_3.xip,https://developer.apple.com/documentation/xcode_release_notes/xcode_10_1_beta_3_release_notes,12.1,16J5600a,TRUE,12.1,16B5084a,TRUE,10.14.1,18B64a,TRUE,5.1,16R5584a,TRUE,10.0.0,1000.11.45.5,TRUE,4.2.1,1000.11.42,TRUE,10.1,10O45e,,10.13.6,3,,,,,,,,,,,,,,,,,,,,,
10,2018,2,Xcode,https://download.developer.apple.com/Developer_Tools/Xcode_10.1_Beta_2/Xcode_10.1_Beta_2.xip,https://developer.apple.com/documentation/xcode_release_notes/xcode_10_1_beta_2_release_notes,12.1,16J5584c,TRUE,12.1,16B5068g,TRUE,10.14.1,18B50b,TRUE,5.1,16R5568d,TRUE,10.0.0,1000.11.45.5,TRUE,4.2.1,1000.11.42,TRUE,10.1,10O35n,,10.13.6,2,,,,,,,,,,,,,,,,,,,,,
9,2018,18,Xcode,https://download.developer.apple.com/Developer_Tools/Xcode_10.1_Beta/Xcode_10.1_Beta.xip,https://developer.apple.com/documentation/xcode_release_notes/xcode_10_1_beta_release_notes,12.1,16J5575c,TRUE,12.1,16B5059d,TRUE,10.14,18A384,TRUE,5.1,16R5559d,TRUE,10.0.0,1000.11.45.5,TRUE,4.2.1,1000.11.40,TRUE,10.1,10O23u,,10.13.6,1,,,,,,,,,,,,,,,,,,,,,
9,2018,17,Xcode,https://download.developer.apple.com/Developer_Tools/Xcode_10/Xcode_10.xip,https://developer.apple.com/documentation/xcode_release_notes/xcode_10_release_notes,12,16J364,TRUE,12,16A366,TRUE,10.14,18A384,TRUE,5,16R363,TRUE,10.0.0,1000.10.43.1,TRUE,4.2,1000.11.37.1,TRUE,10,10A255,TRUE,10.13.6,,,,,,,,,,,,,,,,,,,,,,
9,2018,12,Xcode,https://download.developer.apple.com/Developer_Tools/Xcode_10_GM_seed/Xcode_10_GM_seed.xip,,12,16J364,TRUE,12,16A366,TRUE,10.14,18A384,TRUE,5,16R363,TRUE,10.0.0,1000.11.45.2,TRUE,4.2,1000.11.37.1,TRUE,10,10A254a,,10.13.6,,1,,,,,,,,,,,,,,,,,,,,
8,2018,13,Xcode,https://download.developer.apple.com/Developer_Tools/Xcode_10_Beta_6/Xcode_10_Beta_6.xip,https://download.developer.apple.com/Developer_Tools/Xcode_10_Beta_6/Xcode_10_Beta_6_Release_Notes.pdf,12,16J5349a,TRUE,12,16A5354b,TRUE,10.14,18A361a,TRUE,5,16R5349a,TRUE,10.0.0,1000.10.43.1,TRUE,4.2,1000.0.36,TRUE,10,10L232m,,10.13.4,6,,,,,,,,,,,,,,,,,,,,,
7,2018,30,Xcode,https://download.developer.apple.com/Developer_Tools/Xcode_10_beta_5/Xcode_10_beta_5.xip,https://download.developer.apple.com/Developer_Tools/Xcode_10_beta_5/Release_Notes_for_Xcode_10_beta_5.pdf,12,16J5334d,TRUE,12,16A5339e,TRUE,10.14,18A347e,TRUE,5,16R5334e,TRUE,10.0.0,1000.10.40.1,TRUE,4.2,1000.0.32.1,TRUE,10,10L221o,,10.13.4,5,,,,,,,,,,,,,,,,,,,,,
7,2018,17,Xcode,https://download.developer.apple.com/Developer_Tools/Xcode_10_beta_4/Xcode_10_beta_4.xip,https://download.developer.apple.com/Developer_Tools/Xcode_10_beta_4/Release_Notes_for_Xcode_10_beta_4.pdf,12,16J5322d,TRUE,12,16A5327d,TRUE,10.14,18A336d,TRUE,5,16R5322d,TRUE,10.0.0,1000.10.40.1,TRUE,4.2,1000.0.29.2,TRUE,10,10L213o,,10.13.4,4,,,,,,,,,,,,,,,,,,,,,
7,2018,3,Xcode,https://download.developer.apple.com/Developer_Tools/Xcode_10_beta_3/Xcode_10_beta_3.dmg,https://download.developer.apple.com/Developer_Tools/Xcode_10_Beta_3/Xcode_10_Beta_3_Release_Notes.pdf,12,16J5313d,TRUE,12,16A5318d,TRUE,10.14,18A326e,TRUE,5,16R5313d,TRUE,10.0.0,1000.10.38,TRUE,4.2,1000.0.25.1,TRUE,10,10L201y,,10.13.4,3,,,,,,,,,,,,,,,,,,,,,
6,2018,19,Xcode,https://download.developer.apple.com/Developer_Tools/Xcode_10_Beta_2/Xcode_10_Beta_2.xip,https://download.developer.apple.com/Developer_Tools/Xcode_10_Beta_2/Xcode_10_Beta_2_Release_Notes.pdf,12,16J5303d,TRUE,12,16A5308d,TRUE,10.14,18A314f,TRUE,5,16R5303d,TRUE,10.0.0,1000.10.25.5,TRUE,4.2,1000.0.16.9,TRUE,10,10L177m,,10.13.4,2,,,,,,,,,,,,,,,,,,,,,
6,2018,4,Xcode,https://download.developer.apple.com/Developer_Tools/Xcode_10_Beta/Xcode_10_Beta.xip,https://download.developer.apple.com/Documentation/Beta_Release_Notes_Jun_4_2018/Xcode_10_Beta_Release_Notes.pdf,12,16J5283n,TRUE,12,16A5288q,TRUE,10.14,18A293s,TRUE,5,16R5283q,TRUE,10.0.0,1000.10.25.5,TRUE,4.2,1000.0.16.7,TRUE,10,10L176w,,10.13.4,1,,,,,,,,,,,,,,,,,,,,,
6,2018,19,Xcode,https://download.developer.apple.com/Developer_Tools/Xcode_9.4.1/Xcode_9.4.1.xip,https://developer.apple.com/library/archive/releasenotes/DeveloperTools/RN-Xcode/Chapters/Introduction.html#//apple_ref/doc/uid/TP40001051-CH1-DontLinkElementID_1,11.4,15L576,TRUE,11.4,15F79,TRUE,10.13.4,1.70E+190,TRUE,4.3,15T212,TRUE,9.1.0,902.0.39.2,TRUE,4.1.2,902.0.54,TRUE,9.4.1,9F2000,TRUE,10.13.2,,,,,,,,,,,,,,,,,,,,,,
5,2018,29,Xcode,https://download.developer.apple.com/Developer_Tools/Xcode_9.4/Xcode_9.4.xip,https://developer.apple.com/library/content/releasenotes/DeveloperTools/RN-Xcode/Chapters/Introduction.html#//apple_ref/doc/uid/TP40001051-CH1-DontLinkElementID_1,11.4,15L576,TRUE,11.4,15F79,TRUE,10.13.4,1.70E+190,TRUE,4.3,15T212,TRUE,9.1.0,902.0.39.2,TRUE,4.1.2,902.0.54,TRUE,9.4,9F1027a,TRUE,10.13.2,,,,,,,,,,,,,,,,,,,,,,
5,2018,1,Xcode,https://download.developer.apple.com/Developer_Tools/Xcode_9.4_beta_2/Xcode_9.4_beta_2.xip,https://download.developer.apple.com/Developer_Tools/Xcode_9.4_beta_2/Release_Notes_for_Xcode_9.4_beta_2.pdf,11.4,15L5560b,TRUE,11.4,15F5061c,TRUE,10.13.4,1.70E+190,TRUE,4.3,15T212,TRUE,9.1.0,902.0.39.2,TRUE,4.1.1,902.0.53,TRUE,9.4,9Q1019a,,10.13.2,2,,,,,,,,,,,,,,,,,,,,,
4,2018,2,Xcode,https://download.developer.apple.com/Developer_Tools/Xcode_9.4_beta/Xcode_9.4_beta.xip,,,15L5536b,TRUE,11.4,15F5037c,TRUE,10.13.4,1.70E+190,TRUE,4.3,15T212,TRUE,9.1.0,902.0.39.1,TRUE,4.1.1,902.0.50,TRUE,9.4,9Q1004a,,10.13.2,1,,,,,,,,,,,,,,,,,,,,,
5,2018,10,Xcode,https://download.developer.apple.com/Developer_Tools/Xcode_9.3.1/Xcode_9.3.1.xip,https://developer.apple.com/library/content/releasenotes/DeveloperTools/RN-Xcode/Chapters/Introduction.html#//apple_ref/doc/uid/TP40001051-CH1-DontLinkElementID_1,11.3,15L211,TRUE,11.3,1.50E+218,TRUE,10.13.4,1.70E+190,TRUE,4.3,15T212,TRUE,9.1.0,902.0.39.1,TRUE,4.1,902.0.48902.0.48,TRUE,9.3.1,9E501,TRUE,10.13.2,,,,,,,,,,,,,,,,,,,,,,
3,2018,29,Xcode,https://download.developer.apple.com/Developer_Tools/Xcode_9.3/Xcode_9.3.xip,https://developer.apple.com/library/content/releasenotes/DeveloperTools/RN-Xcode/Chapters/Introduction.html#//apple_ref/doc/uid/TP40001051-CH1-DontLinkElementID_1,11.3,15L211,TRUE,11.3,1.50E+218,TRUE,10.13.4,1.70E+190,TRUE,4.3,15T212,TRUE,9.1.0,902.0.39.1,TRUE,4.1,902.0.48,TRUE,9.3,9.00E+145,TRUE,10.13.2,,,,,,,,,,,,,,,,,,,,,,
3,2018,5,Xcode,https://download.developer.apple.com/Developer_Tools/Xcode_9.3_beta_4/Xcode_9.3_beta_4.xip,,,15L5198d,TRUE,,15E5201e,TRUE,,17E170c,TRUE,,15T5199e,TRUE,9.1.0,902.0.37.1,TRUE,4.1,902.0.43,TRUE,9.3,9Q127n,,10.13.2,4,,,,,,,,,,,,,,,,,,,,,
2,2018,20,Xcode,https://download.developer.apple.com/Developer_Tools/Xcode_9.3_beta_3/Xcode_9.3_beta_3.xip,,,15L5186d,TRUE,,15E5189d,TRUE,,17E160d,TRUE,,15T5187d,TRUE,9.1.0,902.0.34,TRUE,4.1,902.0.41,TRUE,9.3,9Q117m,,10.13.2,3,,,,,,,,,,,,,,,,,,,,,
2,2018,6,Xcode,https://download.developer.apple.com/Developer_Tools/Xcode_9.3_beta_2/Xcode_9.3_beta_2.xip,,,15L5175d,TRUE,,15E5178d,TRUE,,17E150d,TRUE,,15T5176c,TRUE,9.1.0,902.0.31,TRUE,4.1,902.0.38,TRUE,9.3,9Q107o,,10.13.2,2,,,,,,,,,,,,,,,,,,,,,
1,2018,24,Xcode,https://download.developer.apple.com/Developer_Tools/Xcode_9.3_beta/Xcode_9.3_beta.xip,,,15L5164c,TRUE,,15E5167d,TRUE,,17E139g,TRUE,,15T5165c,TRUE,9.1.0,902.0.30,TRUE,4.1,902.0.34,TRUE,9.3,9Q98q,,10.13.2,1,,,,,,,,,,,,,,,,,,,,,
12,2017,4,Xcode,https://download.developer.apple.com/Developer_Tools/Xcode_9.2/Xcode_9.2.xip,https://developer.apple.com/library/content/releasenotes/DeveloperTools/RN-Xcode/Chapters/Introduction.html#//apple_ref/doc/uid/TP40001051-CH1-SW936,,15K104,TRUE,,15C107,TRUE,,17C76,TRUE,,15S100,TRUE,9.0.0,900.0.39.2,TRUE,4.0.3,900.0.74.1,TRUE,9.2,9C40b,TRUE,10.12.6,,,,,,,,,,,,,,,,,,,,,,
11,2017,6,Xcode,https://download.developer.apple.com/Developer_Tools/Xcode_9.2_Beta_2/Xcode_9.2_Beta_2.xip,,,15K5090c,TRUE,,15C5097c,TRUE,,17C67a,TRUE,,15S5090c,TRUE,9.0.0,900.0.39,TRUE,4.0.3,900.0.72,TRUE,9.2,9C34b,,10.12.6,2,,,,,,,,,,,,,,,,,,,,,
10,2017,31,Xcode,https://download.developer.apple.com/Developer_Tools/Xcode_9.2_Beta/Xcode_9.2_Beta.xip,,,15K5085b,TRUE,,15C5092b,TRUE,,17C60c,TRUE,,15S5085b,TRUE,9.0.0,900.0.39,TRUE,4.0.3,900.0.71,TRUE,9.2,9C32c,,10.12.6,1,,,,,,,,,,,,,,,,,,,,,
10,2017,31,Xcode,https://download.developer.apple.com/Developer_Tools/Xcode_9.1/Xcode_9.1.xip,https://developer.apple.com/library/content/releasenotes/DeveloperTools/RN-Xcode/Chapters/Introduction.html#//apple_ref/doc/uid/TP40001051-CH1-SW881,,15J580,TRUE,,15B87,TRUE,,17B41,TRUE,,15R844,TRUE,9.0.0,900.0.38,TRUE,4.0.2,900.0.69.2,TRUE,9.1,9B55,TRUE,10.12.6,,,,,,,,,,,,,,,,,,,,,,
10,2017,15,Xcode,https://download.developer.apple.com/Developer_Tools/Xcode_9.0.1/Xcode_9.0.1.xip,https://developer.apple.com/library/content/releasenotes/DeveloperTools/RN-Xcode/Chapters/Introduction.html#//apple_ref/doc/uid/TP40001051-CH1-SW922,,15J380,TRUE,,15A372,TRUE,,17A360,TRUE,,15R372,TRUE,9.0.0,900.0.38,TRUE,4,900.0.65.2,TRUE,9.0.1,9A1004,TRUE,10.12.6,,,,,,,,,,,,,,,,,,,,,,
10,2017,9,Xcode,https://download.developer.apple.com/Developer_Tools/Xcode_9.1_beta_2/Xcode_9.1_beta2.xip,,,15J5571b,TRUE,,15B5078b,TRUE,,17B35a,TRUE,,15R5835b,TRUE,9.0.0,900.0.38,TRUE,4.0.1,900.0.68,TRUE,9.1,9B46,,10.12.6,2,,,,,,,,,,,,,,,,,,,,,
9,2017,27,Xcode,https://download.developer.apple.com/Developer_Tools/Xcode_9.1_beta/Xcode_9.1_beta.xip,,,15J5559d,TRUE,,15B5066e,TRUE,,17A360,TRUE,,15R5823b,TRUE,9.0.0,900.0.38,TRUE,4.0.1,900.0.66,TRUE,9.1,9B37,,10.12.6,1,,,,,,,,,,,,,,,,,,,,,
9,2017,12,Xcode,https://download.developer.apple.com/Developer_Tools/Xcode_9/Xcode_9.xip,https://developer.apple.com/library/content/releasenotes/DeveloperTools/RN-Xcode/Chapters/Introduction.html#//apple_ref/doc/uid/TP40001051-CH1-SW878,,15J380,TRUE,,15A372,TRUE,,17A360,TRUE,,15R372,TRUE,9.0.0,900.0.37,TRUE,4,900.0.65,TRUE,9,9A235,TRUE,10.12.6,,,,,,,,,,,,,,,,,,,,,,
8,2017,21,Xcode,,,,15J5368a,TRUE,,15A5361a,TRUE,,17A350a,TRUE,,15R5363a,TRUE,,,,,,,9,9M214v,,10.12.6,6,,,,,,,,,,,,,,,,,,,,,
8,2017,7,Xcode,,,,15J5347f,TRUE,,15A5341e,TRUE,,17A330h,TRUE,,15R5345f,TRUE,,,,,,,9,9M202q,,10.12.4,5,,,,,,,,,,,,,,,,,,,,,
7,2017,24,Xcode,,,,15J5333e,TRUE,,15A5327g,TRUE,,17A315g,TRUE,,15R5331f,TRUE,,,,,,,9,9M189t,,10.12.4,4,,,,,,,,,,,,,,,,,,,,,
7,2017,10,Xcode,,,,15J5324e,TRUE,,15A5318e,TRUE,,17A306e,TRUE,,15R5321g,TRUE,,,,,,,9,9M174d,,10.12.4,3,,,,,,,,,,,,,,,,,,,,,
6,2017,21,Xcode,,,,15J5310e,TRUE,,15A5304i,TRUE,,17A291j,TRUE,,15R5307j,TRUE,,,,,,,9,9M137d,,10.12.4,2,,,,,,,,,,,,,,,,,,,,,
6,2017,5,Xcode,,,,15J5284e,TRUE,,15A5278f,TRUE,,17A263z,TRUE,,15R5281f,TRUE,,,,,,,9,9M136h,,10.12.4,1,,,,,,,,,,,,,,,,,,,,,
6,2017,5,Xcode,https://download.developer.apple.com/Developer_Tools/Xcode_8.3.3/Xcode8.3.3.xip,https://developer.apple.com/library/content/releasenotes/DeveloperTools/RN-Xcode/Chapters/Introduction.html#//apple_ref/doc/uid/TP40001051-CH1-SW870,,14W260,TRUE,,14E8301,TRUE,,1.60E+186,TRUE,,14V243,TRUE,8.1.0,802.0.42,TRUE,3.1,802.0.53,TRUE,8.3.3,8E3004b,TRUE,10.12,,,,,,,,,,,,,,,,,,,,,,
4,2017,18,Xcode,https://download.developer.apple.com/Developer_Tools/Xcode_8.3.2/Xcode8.3.2.xip,https://developer.apple.com/library/content/releasenotes/DeveloperTools/RN-Xcode/Chapters/Introduction.html#//apple_ref/doc/uid/TP40001051-CH1-SW853,,14W260,TRUE,,1.40E+270,TRUE,,1.60E+186,TRUE,,14V243,TRUE,8.1.0,802.0.42,TRUE,3.1,802.0.53,TRUE,8.3.2,8E2002,TRUE,10.12,,,,,,,,,,,,,,,,,,,,,,
4,2017,6,Xcode,https://download.developer.apple.com/Developer_Tools/Xcode_8.3.1/Xcode_8.3.1.xip,https://developer.apple.com/library/content/releasenotes/DeveloperTools/RN-Xcode/Chapters/Introduction.html#//apple_ref/doc/uid/TP40001051-CH1-SW848,,14W260,TRUE,,1.40E+270,TRUE,,1.60E+186,TRUE,,14V243,TRUE,8.1.0,802.0.41,TRUE,3.1,802.0.51,TRUE,8.3.1,8E1000a,TRUE,10.12,,,,,,,,,,,,,,,,,,,,,,
3,2017,27,Xcode,https://download.developer.apple.com/Developer_Tools/Xcode_8.3/Xcode_8.3.xip,https://developer.apple.com/library/content/releasenotes/DeveloperTools/RN-Xcode/Chapters/Introduction.html#//apple_ref/doc/uid/TP40001051-CH1-SW160,,14W260,TRUE,,1.40E+270,TRUE,,1.60E+186,TRUE,,14V243,TRUE,8.1.0,802.0.38,TRUE,3.1,802.0.48,TRUE,8.3,8.00E+162,TRUE,10.12,,,,,,,,,,,,,,,,,,,,,,
3,2017,21,Xcode,,,,14W260,TRUE,,1.40E+270,TRUE,,1.60E+186,TRUE,,14V243,TRUE,,,,,,,8.3,8.00E+160,,10.12,5,,,,,,,,,,,,,,,,,,,,,
3,2017,8,Xcode,,,,14W5257a,TRUE,,14E5265a,TRUE,,16E181a,TRUE,,14V5239a,TRUE,,,,,,,8.3,8W143q,,10.12,4,,,,,,,,,,,,,,,,,,,,,
2,2017,20,Xcode,,,,14W5241c,TRUE,,14E5249d,TRUE,,16E163c,TRUE,,14V5224d,TRUE,,,,,,,8.3,8W132p,,10.12,3,,,,,,,,,,,,,,,,,,,,,
2,2017,6,Xcode,,,,14W5231c,TRUE,,14E5239d,TRUE,,16E153d,TRUE,,14V5214d,TRUE,,,,,,,8.3,8W120l,,10.12,2,,,,,,,,,,,,,,,,,,,,,
1,2017,24,Xcode,,,,14W5222c,TRUE,,14E5230d,TRUE,,16E144e,TRUE,,14V5205c,TRUE,,,,,,,8.3,8W109m,,10.12,1,,,,,,,,,,,,,,,,,,,,,
12,2016,19,Xcode,https://download.developer.apple.com/Developer_Tools/Xcode_8.2.1/Xcode_8.2.1.xip,https://developer.apple.com/library/content/releasenotes/DeveloperTools/RN-Xcode/Chapters/Introduction.html#//apple_ref/doc/uid/TP40001051-CH1-SW157,,14U591,TRUE,,14C89,TRUE,,16C58,TRUE,,14S471a,TRUE,8.0.0,800.0.42.1,TRUE,3.0.2,800.0.63,TRUE,8.2.1,8C1002,TRUE,10.11.5,,,3.9.0,TRUE,,,,,,,,,,,,,,,,,,
12,2016,12,Xcode,https://download.developer.apple.com/Developer_Tools/Xcode_8.2/Xcode_8.2.xip,https://developer.apple.com/library/content/releasenotes/DeveloperTools/RN-Xcode/Chapters/Introduction.html#//apple_ref/doc/uid/TP40001051-CH1-SW9,,14U591,TRUE,,14C89,TRUE,,16C58,TRUE,,14S471a,TRUE,8.0.0,800.0.42.1,TRUE,3.0.2,800.0.63,TRUE,8.2,8C38,TRUE,10.11.5,,,3.9.0,TRUE,,,,,,,,,,,,,,,,,,
11,2016,14,Xcode,,,,14U5582a,TRUE,,14C5077a,TRUE,,16C48a,TRUE,,14S471a,TRUE,,,,,,,8.2,8C30a,,10.11.5,2,,,,,,,,,,,,,,,,,,,,,
10,2016,31,Xcode,,,,14U5565c,TRUE,,14C5062c,TRUE,,16C32c,TRUE,,14S471a,TRUE,,,,,,,8.2,8C23,,10.11.5,1,,,,,,,,,,,,,,,,,,,,,
10,2016,27,Xcode,https://download.developer.apple.com/Developer_Tools/Xcode_8.1/Xcode_8.1.xip,https://developer.apple.com/library/content/releasenotes/DeveloperTools/RN-Xcode/Chapters/Introduction.html#//apple_ref/doc/uid/TP40001051-CH1-SW24,,14T328,TRUE,,14B72,TRUE,,16B2649,TRUE,,14S471a,TRUE,8.0.0,800.0.42.1,TRUE,3.0.1,800.0.58.6,TRUE,8.1,8B62,TRUE,10.11.5,,,3.9.0,TRUE,,,,,,,,,,,,,,,,,,
10,2016,24,Xcode,,,,14T328,TRUE,,14B72,TRUE,,16A300,TRUE,,14S471a,TRUE,,,,,,,8.1,8T61a,,10.11.5,,1,,,,,,,,,,,,,,,,,,,,
10,2016,10,Xcode,,,,14T328,TRUE,,14B70,TRUE,,16A300,TRUE,,14S467,TRUE,,,,,,,8.1,8T47,,10.11.5,3,,,,,,,,,,,,,,,,,,,,,
10,2016,4,Xcode,,,,14T328,TRUE,,14B65,TRUE,,16A300,TRUE,,14S462,TRUE,,,,,,,8.1,8T46g,,10.11.5,2,,,,,,,,,,,,,,,,,,,,,
9,2016,21,Xcode,,,,14T328,TRUE,,14B54,TRUE,,16A300,TRUE,,14S452,TRUE,,,,,,,8.1,8T29o,,10.11.5,1,,,,,,,,,,,,,,,,,,,,,
9,2016,13,Xcode,https://download.developer.apple.com/Developer_Tools/Xcode_8/Xcode_8.xip,https://developer.apple.com/library/content/releasenotes/DeveloperTools/RN-Xcode/Chapters/Introduction.html#//apple_ref/doc/uid/TP40001051-CH1-SW78,,14T328,TRUE,,14A345,TRUE,,16A300,TRUE,,14S326,TRUE,8.0.0,800.0.38,TRUE,3,800.0.46.2,TRUE,8,8A218a,TRUE,10.11.5,,,3.9.0,TRUE,,,,,,,,,,,,,,,,,,
9,2016,7,Xcode,,,,14T328,TRUE,,14A345,TRUE,,16A300,TRUE,,14S326,TRUE,,,,,,,8,8A218a,,10.11.5,,1,,,,,,,,,,,,,,,,,,,,
8,2016,15,Xcode,,,,14T5326a,TRUE,,14A5339a,TRUE,,16A286a,TRUE,,14S5320a,TRUE,,,,,,,8,8S201h,,10.11.5,6,,,,,,,,,,,,,,,,,,,,,
8,2016,9,Xcode,,,,14T5321a,TRUE,,14A5335a,TRUE,,16A286a,TRUE,,14S5315a,TRUE,,,,,,,8,8S193k,,10.11.5,5,,,,,,,,,,,,,,,,,,,,,
8,2016,1,Xcode,,,,14T5308d,TRUE,,14A5322e,TRUE,,16A270e,TRUE,,14S5302d,TRUE,,,,,,,8,8S188o,,10.11.5,4,,,,,,,,,,,,,,,,,,,,,
7,2016,18,Xcode,,,,14T5296d,TRUE,,14A5309d,TRUE,,16A254c,TRUE,,14S5290d,TRUE,,,,,,,8,8S174q,,10.11.5,3,,,,,,,,,,,,,,,,,,,,,
7,2016,5,Xcode,,,,14T5284c,TRUE,,14A5297c,TRUE,,16A239e,TRUE,,14S5278d,TRUE,,,,,,,8,8S162m,,10.11.5,2,,,,,,,,,,,,,,,,,,,,,
6,2016,13,Xcode,,,,14T5253q,TRUE,,14A5261u,TRUE,,16A201w,TRUE,,14S5247q,TRUE,,,,,,,8,8S128d,,10.11.5,1,,,,,,,,,,,,,,,,,,,,,
5,2016,3,Xcode,https://download.developer.apple.com/Developer_Tools/Xcode_7.3.1/Xcode_7.3.1.dmg,https://developer.apple.com/library/content/releasenotes/DeveloperTools/RN-Xcode/Chapters/Introduction.html#//apple_ref/doc/uid/TP40001051-CH1-SW217,,13Y227,TRUE,,1.30E+231,TRUE,,1.50E+61,TRUE,,13V143,TRUE,7.3.0,703.0.31,TRUE,2.2,703.0.18.8,TRUE,7.3.1,7D1014,TRUE,10.11,,,3.8.0,TRUE,,,,,,,,,,,,,,,,,,
4,2016,19,Xcode,,,,13Y227,TRUE,,1.30E+231,TRUE,,1.50E+61,TRUE,,13V143,TRUE,,,,,,,7.3.1,7D1012,,10.11,,1,,,,,,,,,,,,,,,,,,,,
3,2016,21,Xcode,https://download.developer.apple.com/Developer_Tools/Xcode_7.3/Xcode_7.3.dmg,https://developer.apple.com/library/content/releasenotes/DeveloperTools/RN-Xcode/Chapters/Introduction.html#//apple_ref/doc/uid/TP40001051-CH1-SW233,,13Y227,TRUE,,1.30E+231,TRUE,,1.50E+61,TRUE,,13V143,TRUE,7.3.0,703.0.29,TRUE,2.2,703.0.18.1,TRUE,7.3,7D175,TRUE,10.11,,,3.8.0,TRUE,,,,,,,,,,,,,,,,,,
3,2016,1,Xcode,,,,13Y5220b,TRUE,,13E5225a,TRUE,,15E55a,TRUE,,13V5140a,TRUE,,,,,,,7.3,7D162j,,10.11,5,,,,,,,,,,,,,,,,,,,,,
2,2016,22,Xcode,,,,13Y5210c,TRUE,,13E5214d,TRUE,,15E47a,TRUE,,13V5129c,TRUE,,,,,,,7.3,7D152p,,10.11,4,,,,,,,,,,,,,,,,,,,,,
2,2016,8,Xcode,,,,13Y5198c,TRUE,,13E5200d,TRUE,,15E39c,TRUE,,13V5117c,TRUE,,,,,,,7.3,7D141l,,10.11,3,,,,,,,,,,,,,,,,,,,,,
2,2016,2,Xcode,https://download.developer.apple.com/Developer_Tools/Xcode_7.2.1/Xcode_7.2.1.dmg,https://developer.apple.com/library/content/releasenotes/DeveloperTools/RN-Xcode/Chapters/Introduction.html#//apple_ref/doc/uid/TP40001051-CH1-SW264,,13U79,TRUE,,13C75,TRUE,,15C43,TRUE,,13S660,TRUE,7.0.2,700.1.81,TRUE,2.1.1,700.1.101.15,TRUE,7.2.1,7C1002,TRUE,10.10.5,,,3.7.0,TRUE,,,,,,,,,,,,,,,,,,
1,2016,25,Xcode,,,,13Y5189c,TRUE,,13E5191d,TRUE,,15E33c,TRUE,,13V5108b,TRUE,,,,,,,7.3,7D129n,,10.11,2,,,,,,,,,,,,,,,,,,,,,
1,2016,11,Xcode,,,,13Y5179e,TRUE,,13E5181d,TRUE,,15E27c,TRUE,,13V5098e,TRUE,,,,,,,7.3,7D111g,,10.11,1,,,,,,,,,,,,,,,,,,,,,
12,2015,8,Xcode,https://download.developer.apple.com/Developer_Tools/Xcode_7.2/Xcode_7.2.dmg,https://developer.apple.com/library/content/releasenotes/DeveloperTools/RN-Xcode/Chapters/Introduction.html#//apple_ref/doc/uid/TP40001051-CH1-SW270,,13U78,TRUE,,13C75,TRUE,,15C43,TRUE,,13S660,TRUE,7.0.2,700.1.81,TRUE,2.1.1,700.1.101.15,TRUE,7.2,7C68,TRUE,10.10.5,,,3.7.0,TRUE,,,,,,,,,,,,,,,,,,
11,2015,5,Xcode,https://download.developer.apple.com/Developer_Tools/Xcode_7.1.1/Xcode_7.1.1.dmg,https://developer.apple.com/library/content/releasenotes/DeveloperTools/RN-Xcode/Chapters/Introduction.html#//apple_ref/doc/uid/TP40001051-CH1-SW291,,13T393,TRUE,,13B137,TRUE,,15A278,TRUE,,13S343,TRUE,,,,,,,7.1.1,7B1005,TRUE,10.10.5,,,,,,,,,,,,,,,,,,,,,,
11,2015,3,Xcode,,,,13U5077a,TRUE,,13C70,TRUE,,15C38a,TRUE,,13S343,TRUE,,,,,,,7.2,7C62b,,10.10.5,4,,,,,,,,,,,,,,,,,,,,,
11,2015,3,Xcode,,,,13U5069b,TRUE,,13C70,TRUE,,15C38a,TRUE,,13S343,TRUE,,,,,,,7.2,7C62,,10.10.5,3,,,,,,,,,,,,,,,,,,,,,
11,2015,3,Xcode,,,,13U5061c,TRUE,,13C5060d,TRUE,,15C31c,TRUE,,13S343,TRUE,,,,,,,7.2,7C46t,,10.10.5,2,,,,,,,,,,,,,,,,,,,,,
10,2015,27,Xcode,,,,13T393,TRUE,,13C5055d,TRUE,,15C27b,TRUE,,13S343,TRUE,,,,,,,7.2,7C46l,,10.10.5,1,,,,,,,,,,,,,,,,,,,,,
10,2015,21,Xcode,https://download.developer.apple.com/Developer_Tools/Xcode_7.1/Xcode_7.1.dmg,https://developer.apple.com/library/content/releasenotes/DeveloperTools/RN-Xcode/Chapters/Introduction.html#//apple_ref/doc/uid/TP40001051-CH1-SW300,,13T393,TRUE,,13B137,TRUE,,15A278,TRUE,,13S343,TRUE,7.0.0,700.1.76,TRUE,2.1,700.1.101.6,TRUE,7.1,7B91b,TRUE,10.10.5,,,3.7.0,TRUE,,,,,,,,,,,,,,,,,,
10,2015,6,Xcode,,,,13T5379f,TRUE,,13B134,TRUE,,15A278,TRUE,,13S343,TRUE,,,,,,,7.1,7B85,,10.10.5,3,,,,,,,,,,,,,,,,,,,,,
9,2015,28,Xcode,https://download.developer.apple.com/Developer_Tools/Xcode_7.0.1/Xcode_7.0.1.dmg,https://developer.apple.com/library/content/releasenotes/DeveloperTools/RN-Xcode/Chapters/Introduction.html#//apple_ref/doc/uid/TP40001051-CH1-SW324,,,,,13A340,TRUE,,15A278,TRUE,,13S343,TRUE,7.0.0,700.0.72,TRUE,2,700.0.59,TRUE,7.0.1,7A1001,TRUE,10.10.3,,,3.7.0,TRUE,,,,,,,,,,,,,,,,,,
9,2015,23,Xcode,,,,13T5365h,TRUE,,13B5119e,TRUE,,15A278,TRUE,,13S343,TRUE,,,,,,,7.1,7B75,,10.10.5,2,,,,,,,,,,,,,,,,,,,,,
9,2015,16,Xcode,https://download.developer.apple.com/Developer_Tools/Xcode_7/Xcode_7.dmg,https://developer.apple.com/library/content/releasenotes/DeveloperTools/RN-Xcode/Chapters/Introduction.html#//apple_ref/doc/uid/TP40001051-CH1-SW326,,,,,13A340,TRUE,,15A278,TRUE,,13S343,TRUE,7.0.0,700.0.72,TRUE,2,700.0.59,TRUE,7,7A220,TRUE,10.10.3,,,3.7.0,TRUE,,,,,,,,,,,,,,,,,,
9,2015,9,Xcode,,,,13T5347l,TRUE,,13B5110e,TRUE,,15A278,TRUE,,13S343,TRUE,,,,,,,7.1,7B60,,10.10.5,1,,,,,,,,,,,,,,,,,,,,,
9,2015,9,Xcode,,,,,,,13A340,TRUE,,15A278,TRUE,,13S343,TRUE,,,,,,,7,7A218,,10.10.3,,1,,,,,,,,,,,,,,,,,,,,
8,2015,24,Xcode,,,,,,,13A4325c,TRUE,,15A244e,TRUE,,13S5325c,TRUE,,,,,,,7,7A192o,,10.10.3,6,,,,,,,,,,,,,,,,,,,,,
8,2015,6,Xcode,,,,,,,13A4325c,TRUE,,14D125,TRUE,,13S5325c,TRUE,,,,,,,7,7A176x,,10.10.3,5,,,,15A244e,TRUE,,,,,,,,,,,,,,,,
7,2015,21,Xcode,,,,,,,13A4305g,TRUE,,14D125,TRUE,,13S5305d,TRUE,,,,,,,7,7A165t,,10.10.3,4,,,,15A226f,TRUE,,,,,,,,,,,,,,,,
7,2015,8,Xcode,,,,,,,13A4293f,TRUE,,14D125,TRUE,,13S5293f,TRUE,,,,,,,7,7A152u,,10.10.3,3,,,,15A216g,TRUE,,,,,,,,,,,,,,,,
6,2015,23,Xcode,,,,,,,13A4280e,TRUE,,14D125,TRUE,,13S5255c,TRUE,,,,,,,7,7A121l,,10.10.3,2,,,,15A204f,TRUE,,,,,,,,,,,,,,,,
6,2015,8,Xcode,,,,,,,13A4254u,TRUE,,14D125,TRUE,,13S5254w,TRUE,,,,,,,7,7A120f,,10.10.3,1,,,,15A178w,TRUE,,,,,,,,,,,,,,,,
6,2015,30,Xcode,https://download.developer.apple.com/Developer_Tools/Xcode_6.4/Xcode_6.4.dmg,https://developer.apple.com/library/content/releasenotes/DeveloperTools/RN-Xcode/Chapters/Introduction.html#//apple_ref/doc/uid/TP40001051-CH1-SW364,,,,,12H141,TRUE,,13F34,TRUE,,,,6.1.0,602.0.53,TRUE,1.2,602.0.53.1,TRUE,6.4,6E35b,TRUE,10.1,,,3.6.0,TRUE,14D125,TRUE,,,,,,,,,,,,,,,,
6,2015,9,Xcode,,,,,,,12H4125a,TRUE,,13F34,TRUE,,,,,,,,,,6.4,6E31c,,10.1,4,,,,14D125,TRUE,,,,,,,,,,,,,,,,
5,2015,18,Xcode,https://download.developer.apple.com/Developer_Tools/Xcode_6.3.2/Xcode_6.3.2.dmg,https://developer.apple.com/library/content/releasenotes/DeveloperTools/RN-Xcode/Chapters/Introduction.html#//apple_ref/doc/uid/TP40001051-CH1-SW368,,,,,12F69,TRUE,,13F34,TRUE,,,,6.1.0,602.0.53,TRUE,1.2,602.0.53.1,TRUE,6.3.2,6D2105,TRUE,10.1,,,3.6.0,TRUE,14D125,TRUE,,,,,,,,,,,,,,,,
5,2015,11,Xcode,,,,,,,,,,,,,,,,,,,,,6.4,6.00E+23,,10.1,3,,,,,,,,,,,,,,,,,,,,,
4,2015,27,Xcode,,,,,,,,,,,,,,,,,,,,,6.4,6.00E+14,,10.1,2,,,,,,,,,,,,,,,,,,,,,
4,2015,21,Xcode,https://download.developer.apple.com/Developer_Tools/Xcode_6.3.1/Xcode_6.3.1.dmg,https://developer.apple.com/library/content/releasenotes/DeveloperTools/RN-Xcode/Chapters/Introduction.html#//apple_ref/doc/uid/TP40001051-CH1-SW370,,,,,12F69,TRUE,,13F34,TRUE,,,,6.1.0,602.0.49,TRUE,1.2,602.0.49.6,TRUE,6.3.1,6D1002,TRUE,10.1,,,3.6.0,TRUE,14D125,TRUE,,,,,,,,,,,,,,,,
4,2015,13,Xcode,,,,,,,,,,,,,,,,,,,,,6.4,6.00E+07,,10.1,1,,,,,,,,,,,,,,,,,,,,,
4,2015,8,Xcode,https://download.developer.apple.com/Developer_Tools/Xcode_6.3/Xcode_6.3.dmg,https://developer.apple.com/library/content/releasenotes/DeveloperTools/RN-Xcode/Chapters/Introduction.html#//apple_ref/doc/uid/TP40001051-CH1-SW378,,,,,12F69,TRUE,,13F34,TRUE,,,,6.1.0,602.0.49,TRUE,1.2,602.0.49.3,TRUE,6.3,6D570,TRUE,10.1,,,3.6.0,TRUE,14D125,TRUE,,,,,,,,,,,,,,,,
3,2015,24,Xcode,,,,,,,,,,,,,,,,,,,,,6.3,6D554n,,10.1,4,,,,,,,,,,,,,,,,,,,,,
3,2015,12,Xcode,,,,,,,,,,,,,,,,,,,,,6.3,6D543q,,10.1,3,,,,,,,,,,,,,,,,,,,,,
3,2015,9,Xcode,https://download.developer.apple.com/Developer_Tools/Xcode_6.2/Xcode_6.2.dmg,https://developer.apple.com/library/content/releasenotes/DeveloperTools/RN-Xcode/Chapters/Introduction.html#//apple_ref/doc/uid/TP40001051-CH1-SW412,,,,,12D508,TRUE,,13F26,TRUE,,,,6,600.0.57,TRUE,1.1,600.0.57.4,TRUE,6.2,6C131e,TRUE,10.9.4,,,3.5,TRUE,14A383,TRUE,,,,,,,,,,,,,,,,
2,2015,23,Xcode,,,,,,,,,,,,,,,,,,,,,6.3,6D532l,,10.1,2,,,,,,,,,,,,,,,,,,,,,
2,2015,9,Xcode,,,,,,,,,,,,,,,,,,,,,6.3,6D520o,,10.1,1,,,,,,,,,,,,,,,,,,,,,
2,2015,2,Xcode,,,,,,,,,,,,,,,,,,,,,6.2,6C121,,10.9.4,5,,,,,,,,,,,,,,,,,,,,,
1,2015,12,Xcode,,,,,,,,,,,,,,,,,,,,,6.2,6C107a,,10.9.4,4,,,,,,,,,,,,,,,,,,,,,
12,2014,18,Xcode,,,,,,,,,,,,,,,,,,,,,6.2,6C101,,10.9.4,3,,,,,,,,,,,,,,,,,,,,,
12,2014,10,Xcode,,,,,,,,,,,,,,,,,,,,,6.2,6C95a,,10.9.4,2,,,,,,,,,,,,,,,,,,,,,
12,2014,2,Xcode,https://download.developer.apple.com/Developer_Tools/xcode_6.1.1/xcode_6.1.1.dmg,https://developer.apple.com/library/content/releasenotes/DeveloperTools/RN-Xcode/Chapters/Introduction.html#//apple_ref/doc/uid/TP40001051-CH1-SW423,,,,,12A365,TRUE,,13F26,TRUE,,,,6,600.0.56,TRUE,1.1,600.0.56.1,TRUE,6.1.1,6A2008a,TRUE,10.9.4,,,3.5,TRUE,14A382,TRUE,,,,,,,,,,,,,,,,
11,2014,18,Xcode,,,,,,,,,,,,,,,,,,,,,6.2,6C86e,,10.9.4,1,,,,,,,,,,,,,,,,,,,,,
11,2014,14,Xcode,,,,,,,,,,,,,,,,,,,,,6.1.1,6A2006,,10.9.4,,1,,,,,,,,,,,,,,,,,,,,
10,2014,20,Xcode,https://download.developer.apple.com/Developer_Tools/xcode_6.1/56841_xcode_6.1.dmg,https://developer.apple.com/library/content/releasenotes/DeveloperTools/RN-Xcode/Chapters/Introduction.html#//apple_ref/doc/uid/TP40001051-CH1-SW432,,,,,,,,,,,,,6,600.0.54,TRUE,1.1,600.0.54.20,TRUE,6.1,6A1052d,TRUE,10.9.4,,,3.5,TRUE,,,,,,,,,,,,,,,,,,
10,2014,13,Xcode,,,,,,,,,,,,,,,,,,,,,6.1,6A1046a,,10.9.4,3,,,,,,,,,,,,,,,,,,,,,
10,2014,6,Xcode,,,,,,,,,,,,,,,,,,,,,6.1,6A1042b,,10.9.4,2,,,,,,,,,,,,,,,,,,,,,
9,2014,17,Xcode,https://download.developer.apple.com/Developer_Tools/xcode_6.0.1/xcode_6.0.1.dmg,https://developer.apple.com/library/content/releasenotes/DeveloperTools/RN-Xcode/Chapters/Introduction.html#//apple_ref/doc/uid/TP40001051-CH1-SW450,,,,,12A365,TRUE,,13F26,TRUE,,,,6,600.0.51,TRUE,1,600.0.51.4,TRUE,6.0.1,6A317,TRUE,10.9.4,,,3.5,TRUE,,,,,,,,,,,,,,,,,,
9,2014,9,Xcode,,,,,,,,,,,,,,,,,,,,,6.1,6A1027,,10.9.4,1,,,,,,,,,,,,,,,,,,,,,
9,2014,9,Xcode,,https://developer.apple.com/library/content/releasenotes/DeveloperTools/RN-Xcode/Chapters/Introduction.html#//apple_ref/doc/uid/TP40001051-CH1-SW453,,,,,,,,,,,,,,,,,,,6,6A313,TRUE,10.9.4,,,,,,,,,,,,,,,,,,,,,,
9,2014,2,Xcode,,,,,,,,,,,,,,,,,,,,,6,6A280n,,10.9.4,7,,,,,,,,,,,,,,,,,,,,,
8,2014,18,Xcode,,,,,,,,,,,,,,,,,,,,,6,6A280e,,10.9.4,6,,,,,,,,,,,,,,,,,,,,,
8,2014,4,Xcode,,,,,,,,,,,,,,,,,,,,,6,6A279r,,10.9.4,5,,,,,,,,,,,,,,,,,,,,,
7,2014,21,Xcode,,,,,,,,,,,,,,,,,,,,,6,6A267n,,10.9.4,4,,,,,,,,,,,,,,,,,,,,,
7,2014,7,Xcode,,,,,,,,,,,,,,,,,,,,,6,6A254o,,10.9.4,3,,,,,,,,,,,,,,,,,,,,,
6,2014,16,Xcode,,,,,,,,,,,,,,,,,,,,,6,6A216f,,10.9.4,2,,,,,,,,,,,,,,,,,,,,,
6,2014,2,Xcode,,,,,,,,,,,,,,,,,,,,,6,6A215l,,10.9.4,1,,,,,,,,,,,,,,,,,,,,,
4,2014,10,Xcode,https://download.developer.apple.com/Developer_Tools/xcode_5.1.1/xcode_5.1.1.dmg,https://developer.apple.com/library/content/releasenotes/DeveloperTools/RN-Xcode/Chapters/Introduction.html#//apple_ref/doc/uid/TP40001051-CH1-SW504,,,,,,,,,,,,,5.1,503.0.40,TRUE,,,,5.1.1,5B1008,TRUE,10.8,,,3.4,TRUE,,,,,,,,,,,,,,,,,,
3,2014,10,Xcode,https://download.developer.apple.com/Developer_Tools/xcode_5.1/xcode_5.1.dmg,https://developer.apple.com/library/content/releasenotes/DeveloperTools/RN-Xcode/Chapters/Introduction.html#//apple_ref/doc/uid/TP40001051-CH1-SW512,,,,,,,,,,,,,5.1,503.0.38,TRUE,,,,5.1,5B130a,TRUE,10.8,,,3.4,TRUE,,,,,,,,,,,,,,,,,,
2,2014,4,Xcode,,,,,,,,,,,,,,,,,,,,,5.1,5B103i,,10.8,5,,,,,,,,,,,,,,,,,,,,,
1,2014,20,Xcode,,,,,,,,,,,,,,,,,,,,,5.1,5B90f,,10.8,4,,,,,,,,,,,,,,,,,,,,,
1,2014,7,Xcode,,,,,,,,,,,,,,,,,,,,,5.1,5B71o,,10.8,3,,,,,,,,,,,,,,,,,,,,,
12,2013,5,Xcode,,,,,,,,,,,,,,,,,,,,,5.1,5B71f,,10.8,,,,,,,2,,,,,,,,,,,,,,,
11,2013,18,Xcode,,,,,,,,,,,,,,,,,,,,,5.1,5B45j,,10.8,,,,,,,1,,,,,,,,,,,,,,,
11,2013,11,Xcode,https://download.developer.apple.com/Developer_Tools/xcode_5.0.2/xcode_5.0.2.dmg,https://developer.apple.com/library/content/releasenotes/DeveloperTools/RN-Xcode/Chapters/Introduction.html#//apple_ref/doc/uid/TP40001051-CH1-SW536,,,,,,,,,,,,,5,500.2.79,TRUE,,,,5.0.2,5A3005a,TRUE,10.8,,,3.3,TRUE,,,,,,,,,,,,,,,,,,
10,2013,22,Xcode,https://download.developer.apple.com/Developer_Tools/xcode_5.0.1/xcode_5.0.1.dmg,https://developer.apple.com/library/content/releasenotes/DeveloperTools/RN-Xcode/Chapters/Introduction.html#//apple_ref/doc/uid/TP40001051-CH1-SW544,,,,,,,,,,,,,5,500.2.79,TRUE,,,,5.0.1,5A2053,TRUE,10.8,,,3.3,TRUE,,,,,,,,,,,,,,,,,,
10,2013,3,Xcode,,,,,,,,,,,,,,,,,,,,,5.0.1,5A2039a,,10.8,,1,,,,,,,,,,,,,,,,,,,,
9,2013,16,Xcode,https://download.developer.apple.com/Developer_Tools/xcode_5/xcode_5.dmg,https://developer.apple.com/library/content/releasenotes/DeveloperTools/RN-Xcode/Chapters/Introduction.html#//apple_ref/doc/uid/TP40001051-CH1-SW578,,,,,,,,,,,,,5,500.2.75,TRUE,,,,5,5A1413,TRUE,10.8,,,3.3,TRUE,,,,,,,,,,,,,,,,,,
9,2013,10,Xcode,,,,,,,,,,,,,,,,,,,,,5,5A1412,,10.8,,1,,,,,,,,,,,,,,,,,,,,
8,2013,21,Xcode,,,,,,,,,,,,,,,,,,,,,5,5A11386k,,10.8,,,,,,,6,,,,,,,,,,,,,,,
8,2013,6,Xcode,,,,,,,,,,,,,,,,,,,,,5,5A11365y,,10.8,,,,,,,5,,,,,,,,,,,,,,,
7,2013,29,Xcode,,,,,,,,,,,,,,,,,,,,,5,5A11365j,,10.8,,,,,,,4,,,,,,,,,,,,,,,
7,2013,8,Xcode,,,,,,,,,,,,,,,,,,,,,5,5A11344j,,10.8,,,,,,,3,,,,,,,,,,,,,,,
6,2013,24,Xcode,,,,,,,,,,,,,,,,,,,,,5,5A11315e,,10.8,,,,,,,2,,,,,,,,,,,,,,,
6,2013,11,Xcode,,,,,,,,,,,,,,,,,,,,,5,5A11314m,,10.8,,,,,,,1,,,,,,,,,,,,,,,
6,2013,12,Xcode,https://download.developer.apple.com/Developer_Tools/xcode_4.6.3/xcode4630916281a.dmg,https://developer.apple.com/library/content/releasenotes/DeveloperTools/RN-Xcode/Chapters/Introduction.html#//apple_ref/doc/uid/TP40001051-CH1-SW600,,,,,10B141,TRUE,,1.10E+53,TRUE,,,,4.1,425.0.28,TRUE,,,,4.6.3,4H1503,TRUE,10.7,,,2336.11.00,TRUE,12D75,TRUE,,4.2,5658,TRUE,,,,,,,,,,,,
4,2013,15,Xcode,https://download.developer.apple.com/Developer_Tools/xcode_4.6.2/xcode4620419895a.dmg,https://developer.apple.com/library/content/releasenotes/DeveloperTools/RN-Xcode/Chapters/Introduction.html#//apple_ref/doc/uid/TP40001051-CH1-SW603,,,,,10B141,TRUE,,1.10E+53,TRUE,,,,4.1,425.0.28,TRUE,,,,4.6.2,4H1003,TRUE,10.7,,,2336.11.00,TRUE,12D75,TRUE,,4.2,5658,TRUE,,,,,,,,,,,,
3,2013,14,Xcode,https://download.developer.apple.com/Developer_Tools/xcode_4.6.1/xcode4610419628a.dmg,https://developer.apple.com/library/content/releasenotes/DeveloperTools/RN-Xcode/Chapters/Introduction.html#//apple_ref/doc/uid/TP40001051-CH1-SW612,,,,,10B141,TRUE,,1.10E+53,TRUE,,,,4.1,425.0.27,TRUE,,,,4.6.1,4H512,TRUE,10.7,,,2336.11.00,TRUE,12D75,TRUE,,4.2,5658,TRUE,,,,,,,,,,,,
1,2013,28,Xcode,https://download.developer.apple.com/Developer_Tools/xcode_4.6/xcode460417218a.dmg,https://download.developer.apple.com/Developer_Tools/xcode_4.6/release_notes_xcode46gm.pdf,,,,,10B141,TRUE,,1.10E+53,TRUE,,,,4.1,425.0.24,TRUE,,,,4.6,4H127,TRUE,10.7,,,2336.11.00,TRUE,12D75,TRUE,,4.2,5658,TRUE,,,,,,,,,,,,
12,2012,17,Xcode,,,,,,,10B5126b,TRUE,,1.10E+53,TRUE,,,,,,,,,,4.6,4H112f,,10.7,,,,,12C237,TRUE,4,,,,,,,,,,,,,,,
12,2012,3,Xcode,,,,,,,10B5117b,TRUE,,1.10E+53,TRUE,,,,,,,,,,4.6,4H104c,,10.7,,,,,12C237,TRUE,3,,,,,,,,,,,,,,,
11,2012,12,Xcode,,,,,,,10B5105c,TRUE,,1.10E+53,TRUE,,,,,,,,,,4.6,4H95e,,10.7,,,,,12C237,TRUE,2,,,,,,,,,,,,,,,
11,2012,1,Xcode,,,,,,,10B5095e,TRUE,,1.10E+53,TRUE,,,,,,,,,,4.6,4H90b,,10.7,,,,,12C237,TRUE,1,,,,,,,,,,,,,,,
11,2012,1,Xcode,https://download.developer.apple.com/Developer_Tools/xcode_4.5.2/xcode4520418508a.dmg,https://download.developer.apple.com/Developer_Tools/xcode_4.5.2/release_notes_xcode_4.5.2.pdf,,,,,10A403,TRUE,,1.10E+53,TRUE,,,,4.1,421.11.66,TRUE,,,,4.5.2,4G2008a,TRUE,10.7,,,2336.11.00,TRUE,12C237,TRUE,,4.2,5658,TRUE,,,,,,,,,,,,
10,2012,3,Xcode,https://download.developer.apple.com/Developer_Tools/xcode_4.5.1/xcode4510417539a.dmg,https://download.developer.apple.com/Developer_Tools/xcode_4.5.1/release_notes_xcode_4.5.1.pdf,,,,,10A403,TRUE,,1.10E+53,TRUE,,,,4.1,421.11.66,TRUE,,,,4.5.1,4G1004,TRUE,10.7,,,2336.11.00,TRUE,12C237,TRUE,,4.2,5658,TRUE,,,,,,,,,,,,
9,2012,19,Xcode,https://download.developer.apple.com/Developer_Tools/xcode_4.5/xcode_4.5.dmg,https://developer.apple.com/library/content/releasenotes/DeveloperTools/RN-Xcode/Chapters/Introduction.html#//apple_ref/doc/uid/TP40001051-CH1-SW643,,,,,10A403,TRUE,,1.10E+53,TRUE,,,,4.1,421.11.65,TRUE,,,,4.5,4G182,TRUE,10.7,,,2336.11.00,TRUE,12C237,TRUE,,4.2,5658,TRUE,,,,,,,,,,,,
8,2012,7,Xcode,https://download.developer.apple.com/Developer_Tools/xcode_4.4.1/xcode_4.4.1_6938145.dmg,https://developer.apple.com/library/content/releasenotes/DeveloperTools/RN-Xcode/Chapters/Introduction.html#//apple_ref/doc/uid/TP40001051-CH1-SW670,,,,,9B176,TRUE,,1.10E+53,TRUE,,,,4,421.0.60,TRUE,,,,4.4.1,4F1003,TRUE,10.7,,,2336.11.00,TRUE,12A264,TRUE,,4.2,5658,TRUE,,,,,,,,,,,,
8,2012,6,Xcode,,,,,,,10A5376e,TRUE,,1.10E+53,TRUE,,,,,,,,,,4.5,4G144l,,10.7,,4,,,12A264,TRUE,,,,,,,,,,,,,,,,
7,2012,16,Xcode,,,,,,,10A5355e,TRUE,,1.10E+53,TRUE,,,,,,,,,,4.5,4G125j,,10.7,,3,,,12A264,TRUE,,,,,,,,,,,,,,,,
6,2012,25,Xcode,,,,,,,10A5338d,TRUE,,1.10E+53,TRUE,,,,,,,,,,4.5,4G108j,,10.7,,2,,,12A244,TRUE,,,,,,,,,,,,,,,,
6,2012,11,Xcode,,,,,,,10A5316k,TRUE,,1.10E+53,TRUE,,,,,,,,,,4.5,4G78z,,10.7,,1,,,12A237,TRUE,,,,,,,,,,,,,,,,
6,2012,7,Xcode,https://download.developer.apple.com/Developer_Tools/xcode_4.3.3_for_lion/xcode_4.3.3_for_lion.dmg,,,,,,,,,,,,,,3.1,318.0.61,TRUE,,,,4.3.3,4E3002,TRUE,10.7,,,2336.9.00,TRUE,,,,4.2,5658,TRUE,,,,,,,,,,,,
3,2012,21,Xcode,https://download.developer.apple.com/Developer_Tools/xcode_4.3.2/xcode_432_lion.dmg,,,,,,9B176,TRUE,,,,,,,3.1,318.0.58,TRUE,,,,4.3.2,4E2002,TRUE,10.7,,,2336.9.00,TRUE,,,,4.2,5658,TRUE,,,,,,,,,,,,
3,2012,15,Xcode,https://download.developer.apple.com/Developer_Tools/xcode_4.4_21362/xcode446938108a.dmg,https://download.developer.apple.com/Developer_Tools/xcode_4.4_21362/release_notes_xcode44gm.pdf,,,,,9B174,TRUE,,,,,,,4,421.0.57,TRUE,,,,4.4,4F134,TRUE,10.7,,,2336.11.00,TRUE,,,,4.2,5658,TRUE,,,,,,,,,,,,
3,2012,5,Xcode,https://download.developer.apple.com/Developer_Tools/xcode_4.3.1_for_lion_21267/xcode_431_lion.dmg,,,,,,9B176,TRUE,,,,,,,3.1,318.0.54,TRUE,,,,4.3.1,4E1019,TRUE,10.7,,,2336.9.00,TRUE,,,,4.2,5658,TRUE,,,,,,,,,,,,
2,2012,16,Xcode,,,,,,,9B174,TRUE,,,,,,,,,,,,,4.4,4F90,,10.7,,1,,,,,,,,,,,,,,,,,,,,
2,2012,12,Xcode,https://download.developer.apple.com/Developer_Tools/xcode_4.3_for_lion_21266/xcode_43_lion.dmg,https://developer.apple.com/library/content/releasenotes/DeveloperTools/RN-Xcode/Chapters/Introduction.html#//apple_ref/doc/uid/TP40001051-CH1-SW699,,,,,9A334,TRUE,,,,,,,3.1,318.0.45,TRUE,,,,4.3,4.00E+109,TRUE,10.7,,,2336.9.00,TRUE,,,,4.2,5658,TRUE,,,,,,,,,,,,
1,2012,6,Xcode,,,,,,,9B5141a,TRUE,,,,,,,,,,,,,4.3,4E71d,,10.7,,2,,,,,,,,,,,,,,,,,,,,
12,2011,12,Xcode,,,,,,,9B5127c,TRUE,,,,,,,,,,,,,4.3,4E57a,,10.7,,1,,,,,,,,,,,,,,,,,,,,
11,2011,17,Xcode,https://download.developer.apple.com/Developer_Tools/xcode_4.2.1_for_lion_21265/installxcode_421_lion.dmg,,,,,,9A334,TRUE,,,,,,,,,,,,,4.2.1,4D502,TRUE,10.7,,,,,,,,,,,,,,,,,,,,,,
10,2011,12,Xcode,https://download.developer.apple.com/Developer_Tools/xcode_4.2_for_lion_21264/installxcode_42_lion.dmg,https://developer.apple.com/library/content/releasenotes/DeveloperTools/RN-Xcode/Chapters/Introduction.html#//apple_ref/doc/uid/TP40001051-CH1-SW713,,,,,9A334,TRUE,,,,,,,3,211.10.1,TRUE,,,,4.2,4D199,TRUE,10.7,,,2336.1.00,TRUE,,,,4.2,5658,TRUE,,,,,,,,,,,,
10,2011,12,Xcode,https://download.developer.apple.com/Developer_Tools/xcode_4.2_for_snow_leopard/xcode_4.2_for_snow_leopard.dmg,https://download.developer.apple.com/Developer_Tools/xcode_4.2_for_snow_leopard/xcode_4.2_for_snow_leopard_readme.pdf,,,,,9A334,TRUE,,,,,,,3,211.10.1,TRUE,,,,4.2,4C199,TRUE,10.6.8,,,2336.1.00,TRUE,,,,4.2,5658,TRUE,,,,,,,,,,,,
8,2011,29,Xcode,https://download.developer.apple.com/Developer_Tools/xcode_4.1_for_snow_leopard_21110/xcode_4.1_for_snow_leopard.dmg,https://download.developer.apple.com/Developer_Tools/xcode_4.1_for_snow_leopard_21110/xcode_4.1_for_snow_leopard_readme.pdf,,,,,,,,,,,,,2.1,163.7.1,TRUE,,,,4.1,4B110f,TRUE,10.6.8,,,2335.15.00,TRUE,,,,4.2,5658,TRUE,4.2,5666,TRUE,,,,,,,,,
7,2011,20,Xcode,https://download.developer.apple.com/Developer_Tools/xcode_4.1_for_lion_21263/installxcode_41_lion.dmg,,,,,,,,,,,,,,2.1,163.7.1,TRUE,,,,4.1,4B110i,TRUE,10.7,,,2335.15.00,TRUE,,,,4.2,5658,TRUE,4.2,5666,TRUE,,,,,,,,,
4,2011,12,Xcode,https://download.developer.apple.com/Developer_Tools/xcode_4.0.2_and_ios_sdk_4.3/xcode_4.0.2_and_ios_sdk_4.3.dmg,https://download.developer.apple.com/Developer_Tools/xcode_4.0.2_and_ios_sdk_4.3/final_xcode_4.0.2_readme.pdf,,,,,,,,,,,,,2,137,TRUE,,,,4.0.2,4A2002a,TRUE,10.6.8,,,2335.9,TRUE,,,,4.2,5658,TRUE,4,5494,TRUE,4.2,5666,TRUE,,,,,,
3,2011,23,Xcode,https://download.developer.apple.com/Developer_Tools/xcode_4.0.1_and_ios_sdk_4.3/xcode_4.0.1_and_ios_sdk_4.3.dmg,https://download.developer.apple.com/Developer_Tools/xcode_4.0.1_and_ios_sdk_4.3/xcode_4.0.1_readme.pdf,,,,,,,,,,,,,,,,,,,4.0.1,4A1006,TRUE,10.6.8,,,,,,,,,,,,,,,,,,,,,,
3,2011,9,Xcode,https://download.developer.apple.com/Developer_Tools/xcode_4_and_ios_sdk_4.3__final/xcode_4_and_ios_sdk_4.3__final.dmg,https://download.developer.apple.com/Developer_Tools/xcode_4_and_ios_sdk_4.3__final/xcode_4_rn.pdf,,,,,,,,,,,,,2,137,TRUE,,,,4,4A304a,TRUE,10.6.8,,,2335.9,TRUE,,,,4.2,5658,TRUE,4,5494,TRUE,4.2,5666,TRUE,,,,,,
3,2011,6,Xcode,https://download.developer.apple.com/Developer_Tools/xcode_3.2.6_and_ios_sdk_4.3__final/xcode_3.2.6_and_ios_sdk_4.3.dmg,https://download.developer.apple.com/Developer_Tools/xcode_3.2.6_and_ios_sdk_4.3__final/xcode_3_and_ios_sdk_4.3_readme.pdf,,,,,4.3,TRUE,,,,,,,1.7,77,TRUE,,,,3.2.6,10M25xx,TRUE,10.6.4,,,2335.6,TRUE,,,,4.2,5658,TRUE,4,5494,TRUE,4.2,5666,TRUE,,,,,,
11,2010,18,Xcode,https://download.developer.apple.com/ios/ios_sdk_4.2__final/xcode_3.2.5_and_ios_sdk_4.2_final.dmg,https://download.developer.apple.com/ios/ios_sdk_4.2__final/readme_xcode_3.2.5_and_ios_4.2.pdf,,,,,4.2,TRUE,,,,,,,1.6,70,TRUE,,,,3.2.5,10M2423,TRUE,10.6.4,,,2333.4,TRUE,,,,4.2,5658,TRUE,4,5494,TRUE,4.2,5664,TRUE,,,,,,
9,2010,6,Xcode,https://download.developer.apple.com/ios/ios_sdk_4.1__final/xcode_3.2.4_and_ios_sdk_4.1.dmg,https://download.developer.apple.com/ios/ios_sdk_4.1__final/finalv2_about_xcode_3.2.4_and_ios_sdk_4.1.pdf,,,,,3.2,TRUE,,,,,,,1.5,60,TRUE,,,,3.2.4,10M2309,TRUE,10.6.2,,,2326.1,TRUE,,,,4.2,5658,TRUE,4,5494,TRUE,4.2,5664,TRUE,4.1,TRUE,,,,
8,2010,10,Xcode,https://download.developer.apple.com/ios/ios_sdk_4.0.2__final/xcode_3.2.3_and_ios_sdk_4.0.2.dmg,,,,,,3.2,TRUE,,,,,,,1.5,60,TRUE,,,,3.2.3,10M2262,TRUE,10.6.2,,,2326.1,TRUE,,,,4.2,5658,TRUE,4,5494,TRUE,4.2,5664,TRUE,4.0.2,TRUE,,,,
7,2010,6,Xcode,https://download.developer.apple.com/ios/ios_sdk_4.0.1__final/xcode_3.2.3_and_ios_sdk_4.0.1.dmg,https://download.developer.apple.com/ios/ios_sdk_4.0.1__final/final_about_xcode_3.2.3_and_ios_sdk_4.0.1.pdf,,,,,3.2,TRUE,,,,,,,,1.0.2,TRUE,,,,3.2.3,10M2262,TRUE,10.6.2,,,2207.5,TRUE,,,,4.2,5646,TRUE,4,5493,TRUE,4.2,5659,TRUE,4.0.1,TRUE,,,,
3,2010,29,Xcode,https://download.developer.apple.com/Developer_Tools/xcode_3.2.2_developer_tools_beta_20728/xcode322_2148_developerdvd.dmg,https://download.developer.apple.com/Developer_Tools/xcode_3.2.2_developer_tools_beta_20728/about_xcode_3.2.2.pdf,,,,,3.2,TRUE,,,,,,,,,,,,,3.2.2,10M2154,TRUE,10.6.2,,,,,,,,,,,,,,,,,,,,,,
10,2009,7,Xcode,https://download.developer.apple.com/Developer_Tools/xcode_3.2.1_developer_tools/xcode321_10m2003_developerdvd.dmg,https://download.developer.apple.com/Developer_Tools/xcode_3.2.1_developer_tools/about_xcode_3.2.1.pdf,,,,,,,,,,,,,,,,,,,3.2.1,10M2020,TRUE,10.6,,,2206,TRUE,,,,4.2,5646,TRUE,4,5493,TRUE,4.2,5646,TRUE,,,,,,
8,2009,26,Xcode,https://download.developer.apple.com/Developer_Tools/xcode_3.2/xcode3210a432.dmg,https://download.developer.apple.com/Developer_Tools/xcode_3.2/about_xcode_3.2.pdf,,,,,,,,10.4,TRUE,,,,,,,,,,3.2,10A432,TRUE,10.6,,,2118,TRUE,10.5,TRUE,,4.2,5646,TRUE,4,5493,TRUE,4.2,5646,TRUE,,,10.6,TRUE,,
7,2009,9,Xcode,https://download.developer.apple.com/Developer_Tools/xcode_3.1.4_developer_tools/xcode314_2809_developerdvd.dmg,https://download.developer.apple.com/Developer_Tools/xcode_3.1.4_developer_tools/about_xcode_tools_3.1.4.pdf,,,,,,,,,,,,,,,,,,,3.1.4,9M2809,TRUE,10.5.7,,,2064.3,TRUE,,,,4.2,5555,TRUE,4,5493,TRUE,4.2,5577,TRUE,,,,,,
6,2009,16,Xcode,https://download.developer.apple.com/Developer_Tools/xcode_3.1.3_developer_tools/xcode313_2736_developerdvd.dmg,https://download.developer.apple.com/Developer_Tools/xcode_3.1.3_developer_tools/about_xcode_tools_3.1.3.pdf,,,,,3.1.3,TRUE,,,,,,,,,,,,,3.1.3,9M2736,TRUE,10.5.7,,,,,,,,,,,,,,,,,,,,,,
11,2008,23,Xcode,https://download.developer.apple.com/Developer_Tools/xcode_3.1.2_developer_tools/xcode312_2621_developerdvd.dmg,https://download.developer.apple.com/Developer_Tools/xcode_3.1.2_developer_tools/about_xcode_tools_3.1.2.pdf,,,,,,,,,,,,,,,,,,,3.1.2,9M2621,TRUE,10.5,,,,,,,,,,,,,,,,,,,,,,
7,2008,23,Xcode,https://download.developer.apple.com/Developer_Tools/xcode_3.1.1_developer_tools_preview_1/xcode311_9m2517_developerdvd.dmg,https://download.developer.apple.com/Developer_Tools/xcode_3.1.1_developer_tools_preview_1/about_xcode_3.1.1_tools.pdf,,,,,,,,,,,,,,,,,,,3.1.1,9M2517,TRUE,10.5,,,,,,,,,,,,,,,,,,,,,,
7,2008,10,Xcode,https://download.developer.apple.com/Developer_Tools/xcode_3.1_developer_tools/xcode31_2199_developerdvd.dmg,https://download.developer.apple.com/Developer_Tools/xcode_3.1_developer_tools/about_xcode_tools_3.1.pdf,,,,,,,,,,,,,,,,,,,3.1,9M2199,TRUE,10.5,,,,,,,,,,,,,,,,,,,,,,
10,2007,25,Xcode,https://download.developer.apple.com/Developer_Tools/xcode_3.0/xcode_3.0.dmg,https://download.developer.apple.com/Developer_Tools/xcode_3.0/xcode_3.0_release_notes.pdf,,,,,2,TRUE,,10.3,TRUE,,,,,,,,,,3,9A581,TRUE,10.5,,,,,10.4,TRUE,,,,,,,,,,,,,10.5,TRUE,,
10,2007,29,Xcode,https://download.developer.apple.com/Developer_Tools/xcode_2.5_developer_tools/xcode25_8m2558_developerdvd.dmg,https://download.developer.apple.com/Developer_Tools/xcode_2.5_developer_tools/relnotesxcode25.pdf,,,,,,,,,,,,,,,,,,,2.5,8M2558,TRUE,10.4,,,,,,,,,,,4,5370,TRUE,,,,,,,,,
10,2006,30,Xcode,https://download.developer.apple.com/Developer_Tools/xcode_2.4.1/xcode_2.4.1_8m1910_6936315.dmg,https://download.developer.apple.com/Developer_Tools/xcode_2.4.1/xcode_2.4.1_8m1910_6936315.dmg,,,,,,,,,,,,,,,,,,,2.4.1,8M1910,TRUE,10.4,,,,,,,,,,,,,,,,,,,,,,
8,2006,17,Xcode,https://download.developer.apple.com/Developer_Tools/xcode_2.4/xcode_2.4_8k1079_6936199.dmg,https://download.developer.apple.com/Developer_Tools/xcode_2.4/xcode_2.4_readme.pdf,,,,,,,,,,,,,,,,,,,2.4,8K1079,TRUE,10.4,,,,,,,,,,,,,,,,,,,,,,
5,2006,23,Xcode,https://download.developer.apple.com/Developer_Tools/xcode_2.3/xcode_2.3_8m1780_oz693620813.dmg,https://download.developer.apple.com/Developer_Tools/xcode_2.3/xcode_2.3_readme_20060522.pdf,,,,,,,,,,,,,,,,,,,2.3,8M1780,TRUE,10.4,,,,,,,,,,,,,,,,,,,,,,
1,2006,13,Xcode Tools,https://download.developer.apple.com/Developer_Tools/xcode_tools_2.2.1/xcode_2.2.1_8g1165_018213632.dmg,https://download.developer.apple.com/Developer_Tools/xcode_tools_2.2.1/xcode_2.2.1_readme.pdf,,,,,,,,,,,,,,,,,,,2.2.1,8G1165,TRUE,10.4,,,,,,,,,,,,,,,,,,,,,,
11,2005,10,Xcode Tools,,,,,,,,,,,,,,,,,,,,,2.2,8M654,TRUE,10.4,,,,,,,,,,,,,,,,,,,,,,
6,2005,6,Xcode Tools,,,,,,,,,,,,,,,,,,,,,2.1,8B1024,TRUE,10.4,,,,,,,,,,,,,,,,,,,,,,
4,2005,29,Xcode Tools,,,,,,,,,,10.2,TRUE,,,,,,,,,,2,8A428,TRUE,10.4,,,,,10.3,TRUE,,,,,,,,,,,,,10.4,TRUE,,
8,2004,4,Xcode Tools,https://download.developer.apple.com/Developer_Tools/xcode_v1.5/xcode_tools_1.5_cd.dmg.bin,https://download.developer.apple.com/Developer_Tools/xcode_v1.5/554_xcode_tools_1.5_read_me.pdf,,,,,,,,,,,,,,,,,,,1.5,7K571,TRUE,10.3,,,,,,,,,,,,,,,,,,,,,,
4,2004,22,Xcode Tools,,,,,,,,,,,,,,,,,,,,,1.2,7K249,TRUE,10.3,,,,,,,,,,,,,,,,,,,,,,
12,2003,19,Xcode Tools,,,,,,,,,,,,,,,,,,,,,1.1,7K224,TRUE,10.3,,,,,,,,,,,,,,,,,,,,,,
9,2003,28,Xcode Tools,https://download.developer.apple.com/Mac_OS_X/Mac_OS_X_10.3_Build_7B85/7B85_Xcode_CD.dmg,,,,,,,,10.1.5,5S60,TRUE,,,,,,,,,,1,7B85,TRUE,10.3,,,,,6L60,TRUE,,,,,3.3,1495,TRUE,,,,,,7B85,TRUE,10.2.6,10.3